学校,年份,标题,发布时间,报名时间,初试时间,招生专业,学费,原文链接
北京大学,2026,北京大学2026年硕士研究生招生简章（校本部）,2025-10-09,,,,,https://admission.pku.edu.cn/zsxx/sszs/index.htm
北京大学,,,,,,,,https://admission.pku.edu.cn/zsxx/bszs/index.htm
北京大学,,,,,,,,https://admission.pku.edu.cn/xxgk/xxgkssbm/index.htm
北京大学,,,,,,,,https://admission.pku.edu.cn/xxgk/xxgkbsbm/index.htm
北京大学,,,,,,,,https://admission.pku.edu.cn/docs/20251106104113194034.pdf
清华大学,2026,清华大学2026年硕士研究生招生简章,2025.10.09,,,,,https://yz.tsinghua.edu.cn/zsxx/sszs/jzml.htm
清华大学,,,,,,,,https://yz.tsinghua.edu.cn/zsxx/bszs/jzml.htm
清华大学,2027,清华大学2027年各院系博士生招生简章（不断更新）,2026.06.30,,,,,https://yz.tsinghua.edu.cn/info/1024/3244.htm
清华大学,2026,清华大学2026年创新领军工程博士项目招生说明会,,,,,,https://www.xuetangx.com/live/live202511cxljgcbs/live202511cxljgcbs/28828008/73532920?channel=i.area.course_list_all
复旦大学,,复旦大学2022年全国优秀大学生夏令营活动报名须知及各院系夏令营...,2022-04-27,,,,,https://gsao.fudan.edu.cn/15004/list.htm
复旦大学,,,,,,,,https://gsao.fudan.edu.cn/15005/list.htm
复旦大学,2026,复旦大学2026年招收非全日制工程博士招生简章,2026-04-28,,,,,https://gsao.fudan.edu.cn/dd/f3/c15015a777715/page.htm
复旦大学,,,,,,,,https://gsao.fudan.edu.cn/ssyjszszcwzszymlwfslqbf/list.htm
复旦大学,,,,,,,,http://yz.chsi.com.cn/
上海交通大学,,,,,,,,https://yzb.sjtu.edu.cn/zkxx/bszs
上海交通大学,,,,,,,,https://yzb.sjtu.edu.cn/zkxx/sszs
上海交通大学,2027,上海交通大学2027年“医工交叉平台”博士研究生招生简章,09.06/2026,,,,,https://yzb.sjtu.edu.cn/zsjz/bsszs
上海交通大学,2027,上海交通大学2027年“医工交叉平台”博士研究生招生简章,2026-09-06,,,生物医学工程、内科学、儿科学、精神病与精神卫生学、影像医学与核医学、外科学、妇产科学、口腔临床医学,按学校相关规定缴纳学费（校本部收费标准详见上海交通大学财务处网站；医学院收费标准详见上海交通大学医学院信息公开网）,https://yzb.sjtu.edu.cn/post/3766
上海交通大学,2027,上海交通大学2027级“明志荣誉博士生”招生简章,2026-07-09,2026年7月17日下午17点前,,生物学相关专业,,https://yzb.sjtu.edu.cn/post/3744
